{"m0": {"num": 0, "np_mid": 2717.21, "np_ini": 2921.03, "pp_ini": 3066.62, "pp_mid": 3212.21, "nt_end": -931.92, "nt_mid": -137.17, "pt_mid": 165.37, "pt_end": 1329.89},
"m1": {"num": 1, "np_mid": 2717.21, "np_ini": 2921.03, "pp_ini": 3066.62, "pp_mid": 3212.21, "nt_end": -931.92, "nt_mid": -137.17, "pt_mid": 165.37, "pt_end": 1329.89},
"m2": {"num": 2, "np_mid": 2717.21, "np_ini": 2921.03, "pp_ini": 3066.62, "pp_mid": 3212.21, "nt_end": -931.92, "nt_mid": -137.17, "pt_mid": 165.37, "pt_end": 1329.89},
"m3": {"num": 3, "np_mid": 2717.21, "np_ini": 2921.03, "pp_ini": 3066.62, "pp_mid": 3212.21, "nt_end": -931.92, "nt_mid": -137.17, "pt_mid": 165.37, "pt_end": 1329.89},
"m4": {"num": 4, "np_mid": 2717.21, "np_ini": 2921.03, "pp_ini": 3066.62, "pp_mid": 3212.21, "nt_end": -931.92, "nt_mid": -137.17, "pt_mid": 165.37, "pt_end": 1329.89},
"m5": {"num": 5, "np_mid": 2717.21, "np_ini": 2921.03, "pp_ini": 3066.62, "pp_mid": 3212.21, "nt_end": -931.92, "nt_mid": -137.17, "pt_mid": 165.37, "pt_end": 1329.89}}